variable,count,mean,std,min,25%,50%,75%,max,original
dummy1,1000.0,-8.741935675665792e-05,0.010885229220197178,-0.0357516362640595,-0.007625771490114374,-0.0002129418287282,0.0074556718285904745,0.0309813673188443,0.013945668666274
dummy2,1000.0,1.3238291551649905e-06,0.010138709755186461,-0.0329364745644085,-0.006859506993991999,0.00036654740099524997,0.00736391640404125,0.028908695682837,-0.0139921006282559
x1,1000.0,0.1540604990334749,3.0042618515374224,-8.665947524488946,-1.8243784450344191,0.058995154496169495,2.08906813907598,28.20690166260653,28.20690166260653
x2,1000.0,-0.19278296956631322,8.189370931071418,-28.753825431195025,-5.164766069683549,-0.4093326130646704,4.760918667407458,75.05135438865318,75.05135438865318
x3,1000.0,-0.026385728726520882,1.8875068136667161,-6.328082700180559,-1.2779247918898746,-0.0319632392888866,1.205528647977748,17.754300587546837,17.754300587546837
